T1,T2,T3,T4,T5,T6,T7,T8,T9,T10
51,90,9,46,30,23,47,36,40,44
95,51,10,43,60,66,59,46,61,75
79,63,15,82,9,62,57,47,55,68
8,37,62,53,47,82,53,57,43,29
47,50,62,58,32,21,38,44,44,45
8,8,27,96,20,61,36,46,32,25
18,9,29,47,80,31,29,40,33,25
31,75,37,82,26,41,51,51,43,39
83,99,66,61,83,42,70,67,72,74
49,13,21,2,42,17,20,18,28,35
25,72,7,49,10,50,47,35,32,30
76,88,75,93,33,98,84,78,77,79
8,78,40,46,56,31,47,46,35,22
9,37,58,90,34,67,49,59,43,30
75,39,31,89,98,87,69,71,71,73
52,92,89,77,20,13,50,56,53,53
10,89,9,82,82,74,70,64,48,32
78,89,37,62,49,98,81,66,70,75
85,57,24,81,69,71,66,61,67,75
20,76,87,39,100,39,57,64,53,35
42,61,71,65,63,84,68,69,61,53
67,87,76,78,40,67,71,69,68,68
83,9,96,96,54,90,61,75,75,81
4,20,67,72,71,14,28,49,34,20
29,46,74,45,22,9,29,38,34,32
90,43,79,34,58,68,59,57,68,77
67,61,50,62,39,13,41,44,49,56
89,52,76,15,2,29,40,34,51,67
90,67,100,27,56,57,62,60,70,77
65,26,98,23,34,39,38,45,51,56
81,16,5,44,43,33,33,30,44,60
44,35,54,35,35,61,46,44,45,45
18,55,27,63,99,100,71,68,54,38
89,73,35,82,83,2,48,53,61,71
32,45,27,9,26,15,27,22,26,27
93,58,41,46,90,2,43,45,58,70
1,57,34,91,44,49,48,55,37,23
48,92,91,52,89,47,67,70,65,55
52,79,26,35,11,22,42,31,37,44
97,75,31,69,10,12,44,39,53,73
84,20,23,60,48,81,54,49,59,71
54,1,92,29,38,3,17,34,39,44
19,80,62,9,76,47,55,49,43,30
11,95,89,36,91,92,80,76,60,37
39,53,22,35,20,98,61,45,45,44
25,93,56,15,25,84,67,50,46,37
3,32,54,46,4,33,28,34,24,16
82,92,62,60,26,77,74,62,68,75
12,24,24,66,94,63,47,55,42,28
6,14,98,13,77,46,35,49,38,22
12,33,53,90,49,58,47,58,43,31
17,31,98,95,8,86,55,68,51,40
49,53,2,40,1,35,36,25,32,40
51,45,33,98,84,1,37,52,48,48
98,57,2,68,72,6,42,40,55,72
81,63,95,35,45,72,65,62,68,74
62,59,74,28,87,8,42,48,53,53
54,69,95,42,90,72,70,72,68,60
53,12,79,19,87,21,31,44,47,46
90,35,75,41,42,10,34,41,54,68
70,89,9,83,63,42,62,55,58,63
4,14,35,13,60,68,38,38,30,18
2,44,67,84,83,77,60,71,51,30
71,21,54,14,76,49,43,43,52,58
35,23,18,27,34,25,26,25,28,30
5,73,60,23,73,49,52,51,40,23
24,6,45,16,10,28,18,22,22,23
100,44,39,57,75,67,62,57,70,82
11,94,59,87,43,6,46,54,40,27
45,58,34,97,29,76,61,60,54,53
46,6,6,42,67,59,38,38,40,42
55,78,34,77,72,76,72,66,63,60
29,60,12,80,39,9,35,39,33,32
88,6,57,84,78,66,52,63,68,77
75,8,85,45,100,21,36,53,59,63
73,12,97,67,67,69,53,66,67,70
17,3,46,94,92,80,51,67,50,37
40,78,23,8,94,98,74,56,55,47
32,97,1,33,84,28,54,42,41,34
100,26,2,14,76,76,54,39,59,75
32,12,42,77,18,32,28,39,34,35
35,69,90,2,25,40,46,42,42,38
59,39,62,7,55,75,54,47,53,54
74,87,96,62,78,6,54,63,65,66
20,27,13,44,87,95,58,53,45,34
66,29,38,83,51,36,42,50,52,59
10,91,5,89,89,81,74,68,51,33
33,68,72,7,12,35,41,36,37,34
40,77,77,84,56,64,66,71,61,52
1,51,89,7,40,30,35,40,31,16
99,94,22,50,19,52,64,45,61,78
75,8,54,2,84,61,43,42,54,61
19,59,100,84,58,77,65,76,59,43
52,58,28,1,25,37,40,27,36,42
13,36,97,45,42,55,44,55,43,30
68,89,15,63,52,43,60,50,55,60
96,16,8,11,13,70,42,26,47,69
30,53,91,36,22,99,64,60,53,45
18,74,75,83,25,95,71,71,55,42
80,40,26,53,78,65,57,53,61,68
54,12,59,33,86,76,51,55,56,54
8,51,86,77,33,67,54,64,46,31
43,88,77,43,69,39,59,59,55,48
71,81,8,11,96,31,54,40,51,56
68,43,38,24,1,14,28,23,36,50
3,23,83,35,81,76,50,60,45,26
79,85,31,32,7,42,53,37,50,63
39,73,45,59,56,39,52,52,48,43
63,90,9,80,48,5,47,43,47,53
39,26,91,62,83,54,49,64,56,48
17,75,89,57,94,19,50,63,50,33
68,88,48,15,54,98,78,57,64,65
41,93,48,48,95,69,73,66,61,50
5,84,29,54,98,99,77,69,53,31
32,16,3,8,65,67,40,31,33,32
64,56,42,40,36,75,59,49,55,59
39,41,60,1,53,37,38,36,39,37
77,97,17,43,6,53,60,40,51,63
39,72,52,88,90,23,53,63,54,46
74,14,72,75,15,75,49,55,59,68
69,49,42,97,40,18,42,51,52,60
14,53,99,77,73,34,48,67,50,34
68,26,52,46,87,82,59,60,63,65
34,38,42,71,67,52,48,54,47,42
19,56,25,3,79,19,35,32,30,22
43,81,21,50,84,88,74,62,58,51
46,65,35,42,14,69,55,44,45,47
79,41,67,24,40,44,45,43,54,64
23,84,46,23,66,84,69,56,50,37
97,87,53,76,91,22,62,63,72,80
17,96,46,51,74,59,66,61,49,34
49,49,79,93,7,92,64,67,60,59
81,98,11,43,94,2,52,44,55,62
41,46,6,29,30,80,52,38,40,41
42,38,4,89,22,32,36,38,36,41
35,21,64,22,14,11,20,27,28,31
31,32,11,70,34,30,33,36,33,33
62,12,78,86,17,85,53,61,59,64
43,36,46,65,6,59,44,44,43,45
63,34,99,48,100,93,69,76,73,68
26,78,51,81,45,88,71,68,55,44
47,16,12,30,12,60,35,28,33,41
34,26,30,78,92,81,58,63,54,46
16,48,31,30,40,23,32,32,28,22
83,5,51,71,68,19,32,46,54,66
96,9,57,39,81,86,58,57,69,80
27,48,55,14,53,58,47,43,41,34
28,21,18,39,62,4,21,28,27,26
71,24,18,62,22,48,39,37,45,58
32,68,12,23,44,22,38,30,31,30
7,97,44,48,95,45,62,60,46,27
59,35,33,2,70,40,40,34,43,47
65,26,18,44,48,27,33,33,41,51
2,72,19,5,31,43,42,29,24,13
41,87,80,36,24,38,53,50,48,44
3,93,65,68,61,23,51,58,41,23
81,92,33,32,56,60,67,51,61,69
47,100,82,41,82,85,81,74,69,58
31,76,53,60,85,20,49,55,48,38
93,45,18,22,3,37,39,25,45,66
39,22,86,41,65,36,38,51,47,42
8,53,27,27,69,30,38,38,30,18
44,63,98,73,93,58,65,76,67,55
27,89,39,97,70,33,58,63,51,40
14,29,60,38,89,75,52,58,46,31
49,50,83,99,1,44,47,58,52,54
68,6,80,43,98,20,34,51,55,58
24,40,31,93,92,89,65,70,56,43
74,27,2,86,66,61,51,51,56,65
100,64,62,51,86,18,52,55,67,79
68,86,33,80,64,29,58,56,58,62
51,61,36,27,93,12,41,42,45,44
68,80,47,71,32,1,42,44,49,57
51,100,93,70,27,41,63,64,59,56
20,22,86,25,1,38,28,35,31,27
36,62,78,37,27,42,47,48,45,41
4,64,25,97,39,94,66,64,46,31
20,13,35,75,56,29,30,43,34,28
64,50,70,96,51,70,63,70,66,67
87,54,44,11,17,78,57,40,56,70
31,1,65,40,1,74,36,40,37,37
18,89,48,80,68,92,77,73,58,41
61,78,70,98,10,68,66,66,62,65
14,56,3,66,20,4,27,28,22,19
67,17,67,68,24,56,43,50,53,61
24,67,42,92,76,27,50,59,47,36
28,87,73,77,84,100,83,82,67,51
9,89,6,18,41,54,53,36,31,20
96,21,34,96,91,52,54,62,69,81
55,16,96,76,61,35,40,60,56,56
8,51,73,30,65,95,63,61,48,31
9,98,24,45,77,86,74,61,48,30
51,19,86,66,37,88,56,63,59,57
89,90,15,78,46,55,67,55,64,75
29,68,90,71,77,5,43,60,49,38
18,70,96,35,75,64,61,65,53,36
84,64,66,41,43,43,54,50,60,70
48,20,74,81,21,4,24,43,41,45
52,19,33,31,55,69,45,42,46,49
97,83,62,45,43,89,78,63,74,85
51,98,23,69,46,35,58,51,50,50
10,94,60,59,31,87,71,63,49,33
12,4,42,3,13,84,36,31,27,22
66,40,63,74,10,1,29,39,44,54
78,23,37,90,89,67,57,64,66,72
50,59,55,15,74,24,43,42,46,44
49,78,50,32,9,18,40,34,39,43
100,92,49,61,71,18,59,55,67,79
3,72,72,53,45,6,36,46,33,19
36,3,80,68,48,68,43,57,50,45
44,83,47,2,28,62,57,40,44,43
77,55,34,2,10,24,35,23,40,55
77,41,82,75,97,100,76,81,80,79
42,18,24,81,95,99,63,66,59,52
22,50,72,33,2,53,42,42,36,31
80,49,97,39,12,56,52,52,60,69
67,88,7,87,4,91,73,55,58,65
33,12,11,52,64,52,37,39,37,35
15,63,18,58,9,22,34,32,26,22
32,66,81,36,72,67,61,62,55,44
11,67,82,2,56,66,55,51,42,27
95,35,94,17,98,34,49,55,68,76
53,99,12,30,49,80,72,50,53,53
11,17,85,45,74,43,37,53,41,27
69,25,38,12,4,90,50,36,47,58
67,85,33,13,16,62,58,38,49,57
41,80,35,29,27,96,69,51,50,47
6,1,3,50,52,86,41,41,31,22
80,54,67,3,61,50,52,45,57,65
11,20,56,72,33,97,54,59,44,33
50,54,44,27,73,25,42,42,45,45
100,19,60,70,72,38,45,55,66,80
8,31,43,12,69,81,49,46,37,24
50,53,31,82,69,36,49,54,51,50
5,52,88,25,79,11,35,47,36,19
57,12,57,94,63,54,46,60,56,58
7,41,68,51,85,74,56,63,48,29
33,84,24,66,2,39,49,41,37,37
17,100,54,2,85,25,52,45,40,26
10,62,87,36,52,53,51,56,44,28
9,53,9,89,58,22,38,45,32,22
91,74,12,66,80,28,56,50,61,72
36,1,29,9,9,96,41,31,34,37
9,24,61,34,82,1,23,39,30,18
25,35,89,18,62,45,41,49,43,34
38,39,37,29,89,8,32,38,38,35
64,4,36,59,3,59,35,37,43,55
96,13,92,73,95,2,35,57,66,76
73,68,87,14,99,78,72,66,72,69
49,70,9,4,40,79,59,37,44,45
27,4,93,40,21,79,42,51,44,38
3,84,44,40,30,48,51,45,34,20
22,80,89,2,14,69,57,47,43,34
66,13,100,33,67,31,36,50,55,58
41,67,50,10,91,100,73,60,59,49
83,50,62,64,22,90,66,60,66,76
43,49,17,10,47,1,26,21,28,32
74,82,26,40,8,83,67,46,55,65
28,50,61,15,20,33,36,34,33,30
78,18,5,93,3,73,47,43,50,67
30,77,77,53,83,96,77,75,64,49
40,90,4,66,35,54,59,47,45,43
80,27,2,62,13,29,33,29,41,60
14,82,27,88,32,31,49,50,37,28
7,11,13,88,15,29,23,34,23,18
75,71,9,88,53,1,42,43,49,60
66,80,89,90,33,64,68,72,68,69
13,38,31,99,76,35,43,56,41,29
30,95,74,68,66,21,55,61,51,40
74,86,44,8,85,53,64,50,60,63
70,60,1,96,23,42,50,45,50,61
62,30,11,99,78,97,67,66,63,65
85,7,90,50,17,54,40,48,57,71
83,75,33,44,72,12,48,44,55,65
88,12,25,6,100,28,35,34,51,63
58,47,63,6,15,21,32,29,38,46
94,90,98,41,62,85,82,73,81,86
94,1,22,10,15,69,38,26,47,68
12,41,99,62,30,21,34,51,38,27
97,88,35,26,51,2,46,36,54,70
84,94,78,14,5,87,73,53,65,74
56,3,63,83,61,94,56,66,62,61
22,95,74,13,37,36,52,46,41,31
17,46,17,82,43,92,60,57,45,35
3,16,60,85,73,34,35,55,38,23
100,19,9,86,31,24,35,37,52,74
23,79,26,43,18,76,60,46,40,34
36,16,28,84,13,99,53,52,46,46
28,82,62,42,96,35,57,59,51,38
72,13,5,32,37,74,44,34,46,58
95,41,94,13,10,82,58,49,64,78
71,38,10,95,74,57,55,57,59,65
12,1,100,67,20,22,21,45,33,25
52,49,3,62,3,19,32,27,32,42
80,21,79,50,13,66,47,49,57,69
10,47,42,29,17,31,32,31,25,19
68,19,31,72,27,39,36,41,46,57
3,19,73,17,54,4,18,32,24,12
67,29,36,31,73,99,63,55,60,63
45,76,30,100,97,92,80,78,68,59
33,14,74,12,67,84,49,51,48,41
63,20,9,56,72,25,34,37,43,51
42,98,21,42,14,56,59,42,43,43
46,93,12,97,2,69,65,54,50,51
51,98,38,71,74,60,71,65,61,56
53,11,32,17,53,26,26,28,36,42
61,70,57,92,55,27,53,60,58,59
68,16,58,27,68,87,55,53,59,62
73,55,90,77,63,5,43,58,60,64
15,75,20,72,18,9,35,36,28,23
70,56,92,100,40,64,63,73,70,72
41,80,88,3,42,24,46,43,44,40
10,74,99,78,34,6,40,56,41,27
22,91,82,85,39,57,65,69,54,41
3,91,63,83,9,51,56,57,40,26
75,47,44,14,58,83,61,48,59,65
54,43,56,1,54,64,50,42,48,49
52,35,83,37,45,78,55,57,56,55
34,97,57,1,57,21,49,40,41,34
67,69,30,4,94,24,48,39,50,53
75,36,74,1,47,30,38,37,49,58
10,60,17,2,80,2,29,26,23,14
98,79,69,96,46,47,66,68,74,85
47,38,64,56,55,29,40,49,47,46
75,68,72,74,4,25,46,49,54,64
5,20,76,5,32,6,16,26,21,12
4,22,31,50,92,31,33,44,32,18
44,20,63,43,77,84,55,59,55,50
41,61,20,73,2,52,48,42,40,43
90,4,52,85,72,65,50,60,67,78
3,68,80,3,22,30,38,36,29,16
88,1,41,36,20,90,48,42,55,72
21,60,91,93,47,10,40,60,46,35
47,46,31,22,64,87,60,49,51,49
29,48,53,78,36,5,31,44,37,33
64,8,95,32,64,10,26,43,48,53
40,58,14,97,74,84,68,66,57,51
100,63,10,70,2,23,43,34,51,74
85,91,32,11,57,12,48,35,51,63
93,70,1,67,39,61,61,47,60,75
15,71,24,79,58,73,62,60,46,34
96,45,74,21,36,46,49,44,60,75
67,45,1,26,2,28,32,20,33,48
60,25,84,30,86,29,40,51,54,54
92,77,57,28,74,50,63,54,67,75
46,94,15,30,18,84,68,45,47,48
60,17,43,80,91,97,64,69,66,64
54,48,70,71,30,84,62,62,59,59
73,68,78,94,94,53,68,77,75,73
10,69,78,73,3,70,56,59,44,32
28,12,81,53,95,47,42,59,49,39
44,88,93,41,69,14,51,57,53,46
42,22,44,72,96,46,45,57,51,46
98,39,31,97,83,51,58,62,70,82
66,31,67,15,22,79,51,44,52,59
91,61,68,62,99,71,72,72,78,82
3,10,33,74,70,92,51,58,42,27
36,75,39,44,7,67,56,45,43,41
29,91,21,43,96,22,53,49,44,34
69,58,49,29,52,66,58,50,57,61
4,21,42,5,13,68,35,30,24,16
45,79,36,13,67,47,55,44,46,43
4,55,54,68,64,21,39,51,36,21
30,33,44,15,43,73,47,41,40,35
59,27,7,62,53,34,37,38,42,50
13,7,22,12,10,51,24,21,19,18
78,85,51,13,79,60,67,53,63,67
75,51,30,19,65,61,54,44,54,62
74,26,3,31,59,7,26,25,38,52
24,34,34,19,12,77,44,35,33,31
51,98,41,100,29,19,54,55,51,52
54,63,49,40,50,56,55,50,52,52
51,43,68,8,2,35,34,30,37,43
34,19,45,47,23,17,23,31,30,32
36,35,54,30,2,25,28,29,31,34
35,66,24,46,63,76,62,53,49,43
73,47,22,40,72,4,35,35,45,55
31,22,35,51,66,49,40,45,41,36
41,85,52,91,33,2,43,51,45,43
93,72,47,82,44,66,68,63,70,81
55,98,81,79,70,61,74,75,69,63
33,2,94,69,92,53,43,65,54,44
28,55,26,93,58,6,36,47,38,34
9,86,30,60,34,50,54,49,37,25
39,44,7,42,9,86,52,38,39,41
14,6,57,21,85,59,38,46,38,26
52,13,70,14,51,100,55,51,54,53
32,46,12,29,73,8,30,31,31,29
88,81,16,90,60,61,69,61,67,77
34,17,85,22,91,94,58,63,57,46
95,60,71,44,56,64,63,59,70,80
71,20,17,96,40,54,45,49,52,63
82,37,24,72,58,46,49,49,57,68
65,88,31,77,21,16,48,45,48,56
56,21,7,83,92,88,60,61,58,58
69,5,71,95,47,52,43,59,59,65
32,53,35,42,3,20,31,29,29,31
82,40,11,37,34,38,41,32,46,62
12,6,17,14,83,20,21,27,23,16
65,87,40,80,62,62,70,65,64,65
65,99,33,2,90,38,61,46,55,55
84,18,16,91,80,79,59,61,65,75
16,80,81,69,72,97,78,78,61,42
28,56,65,6,58,54,49,45,42,34
38,38,49,41,83,42,45,50,47,41
56,67,56,74,10,53,54,52,52,56
16,40,36,7,65,28,33,32,29,21
100,65,85,24,38,58,60,53,68,81
72,40,22,100,39,84,62,60,61,69
80,41,47,14,1,11,27,22,39,56
36,46,93,27,93,32,45,56,51,41
16,28,61,6,53,56,39,40,35,25
21,15,9,28,45,25,23,24,23,21
12,56,47,64,86,55,54,60,46,30
14,36,7,89,18,50,39,42,31,26
16,54,98,17,34,13,32,40,34,24
88,16,17,32,9,39,32,25,42,63
26,96,83,82,72,73,76,79,63,47
1,15,50,72,58,60,40,53,37,22
96,78,37,68,32,88,75,61,71,83
39,20,63,40,57,9,25,38,37,36
28,74,85,89,51,48,59,69,55,44
67,49,38,29,76,50,51,47,54,58
39,28,16,42,85,20,33,37,37,36
93,4,24,86,25,36,34,40,52,72
89,29,26,90,21,35,41,44,53,71
59,78,74,29,88,42,60,58,60,57
90,39,100,77,99,10,46,66,71,76
30,65,15,85,99,31,52,57,48,38
40,98,79,65,86,35,64,68,60,49
68,25,57,19,10,40,34,31,42,54
41,72,4,56,83,79,67,56,53,47
42,20,11,63,5,16,22,25,27,35
98,3,13,42,28,57,38,32,50,72
38,90,1,9,18,15,38,21,27,30
54,32,36,99,91,47,51,63,58,56
20,15,39,13,14,1,11,16,17,17
76,82,62,35,83,53,66,60,66,68
73,48,28,55,3,67,51,42,50,62
69,33,60,15,10,57,42,36,46,57
96,93,63,79,92,33,68,70,76,83
17,5,22,52,31,64,34,37,31,26
98,61,58,98,78,78,75,76,81,89
71,60,89,91,48,4,43,59,59,64
58,82,56,92,45,82,75,71,66,65
60,84,71,69,54,93,79,73,70,67
28,6,42,60,29,24,23,35,30,30
82,24,58,45,45,67,50,50,59,70
13,12,52,56,89,55,41,54,42,28
51,78,45,62,56,38,55,53,52,51
49,53,77,70,6,13,35,44,43,47
71,74,17,78,16,87,69,55,59,67
13,38,76,37,36,63,46,50,40,29
12,26,24,34,97,2,24,34,28,17
26,10,14,96,50,9,22,38,31,29
45,71,26,65,90,50,60,58,54,49
16,98,8,2,92,24,50,37,34,22
87,44,92,1,69,78,62,56,68,74
3,59,68,53,30,39,42,48,35,21
71,69,75,27,84,43,58,57,62,63
59,47,42,51,65,21,40,44,48,51
78,16,21,83,14,77,49,47,54,68
75,100,63,78,42,80,80,71,72,74
54,84,92,42,79,55,67,67,65,58
4,87,90,11,90,49,59,59,47,25
49,86,58,82,34,23,52,55,51,50
39,56,75,15,21,13,32,34,36,36
73,40,27,87,5,2,28,34,41,57
29,66,55,73,52,42,52,56,47,39
76,68,42,69,91,8,48,53,59,63
52,19,63,90,98,70,57,71,64,59
81,87,25,21,94,26,56,45,57,64
75,14,75,37,1,29,28,34,45,59
32,99,61,35,33,23,50,45,42,36
83,95,83,33,16,88,77,61,69,76
97,19,76,61,46,90,61,63,72,84
1,76,54,42,57,32,46,48,35,19
21,95,44,97,96,20,58,66,52,37
3,45,98,75,76,75,60,74,53,32
75,53,76,46,84,77,67,67,70,71
58,35,35,6,58,36,37,32,41,46
27,40,10,16,78,3,26,26,27,24
48,55,54,80,42,22,42,51,47,48
15,82,72,62,72,38,56,62,48,32
68,29,73,15,45,34,37,39,48,55
81,55,56,55,49,18,43,46,55,65
78,100,52,42,95,5,56,53,61,64
68,17,88,93,53,94,63,74,70,72
92,33,63,88,47,14,39,52,60,74
65,37,100,23,14,71,51,50,56,60
75,71,94,44,15,76,66,60,65,70
9,64,46,31,58,18,37,40,31,20
81,30,12,13,5,53,38,23,41,59
76,86,32,95,63,50,67,64,66,70
36,88,20,10,94,82,71,53,52,43
42,67,20,58,88,85,70,62,57,50
98,83,56,32,87,66,73,62,74,82
34,25,12,39,5,46,31,26,28,32
85,26,100,40,65,60,53,60,68,74
86,58,50,44,74,57,60,56,65,73
94,94,95,74,39,25,61,64,71,80
10,53,18,51,77,30,41,43,33,22
56,27,25,93,97,15,38,52,50,52
82,36,22,87,17,99,64,56,62,75
15,90,84,44,82,26,54,60,48,31
58,27,70,61,45,16,32,45,47,51
15,45,28,5,37,7,23,21,20,16
17,63,41,29,9,40,40,34,30,25
29,40,84,35,49,12,31,43,38,33
8,89,34,20,12,91,64,45,37,26
23,77,60,80,65,89,73,73,59,44
21,44,41,27,36,47,40,38,34,28
22,14,94,56,95,61,47,65,53,38
23,100,100,90,32,56,68,74,58,44
8,54,77,85,70,86,66,75,55,36
71,11,7,68,4,87,47,40,47,61
42,5,90,74,11,85,47,58,52,51
8,16,81,39,35,51,34,46,35,24
94,70,14,74,18,52,57,46,58,75
23,65,51,43,39,27,41,42,37,30
44,33,26,10,33,30,30,25,31,36
1,10,73,88,13,57,35,52,34,23
85,86,91,29,14,93,76,61,70,78
80,99,32,60,25,57,67,52,60,69
72,14,99,87,94,39,47,70,68,69
99,62,22,36,5,26,42,29,49,71
60,13,37,99,59,70,51,60,57,60
98,14,37,31,35,23,30,30,49,69
18,36,43,74,16,5,24,35,27,24
23,6,40,40,64,48,33,41,35,30
100,31,19,78,96,50,55,57,68,81
43,92,63,59,2,34,52,48,45,45
90,13,87,83,70,59,52,67,71,80
38,23,97,36,31,19,28,42,40,39
41,8,52,80,37,12,23,41,37,40
28,85,79,21,49,21,46,46,42,34
88,34,5,42,98,22,41,39,53,65
60,9,78,67,88,22,35,55,55,55
77,84,78,1,2,53,56,41,53,63
52,77,5,27,87,78,68,51,54,51
87,64,10,10,28,3,33,20,40,58
69,35,76,49,81,56,54,60,63,64
3,4,26,46,23,58,29,33,24,17
32,79,13,41,18,82,62,44,42,39
28,22,33,100,50,28,34,49,39,36
58,38,25,71,24,83,56,50,52,57
76,27,21,14,45,99,58,42,54,64
20,88,64,60,45,69,66,62,51,38
63,62,96,56,70,8,44,57,58,58
29,44,56,79,6,66,49,52,44,40
75,87,51,38,2,57,59,45,54,64
32,9,53,2,58,53,34,35,36,33
17,37,47,51,19,41,36,39,32,27
7,32,53,25,13,85,46,42,33,24
21,46,99,96,57,7,37,62,46,35
15,33,19,75,47,55,43,47,36,28
10,8,51,88,84,13,26,51,36,24
22,96,51,21,83,15,49,46,41,29
97,73,4,1,84,75,68,44,63,75
70,63,27,14,49,99,69,49,58,63
35,2,77,40,30,20,21,36,34,35
50,41,14,24,67,25,36,32,38,41
100,79,65,63,87,17,57,60,71,81
48,85,94,66,51,83,75,75,67,60
3,69,72,17,87,50,53,54,42,22
81,88,41,38,76,46,64,54,63,69
47,46,80,92,99,11,44,66,58,51
2,67,44,41,48,7,33,38,27,15
35,45,66,14,98,46,48,51,49,39
64,10,67,71,14,17,26,39,43,54
31,35,73,96,31,12,32,51,42,38
67,23,48,71,85,98,66,68,67,68
38,93,45,2,3,61,56,36,40,39
68,56,71,42,77,82,68,65,67,67
98,74,24,48,35,66,64,48,63,79
69,86,86,72,57,80,77,75,74,72
7,26,35,7,49,31,27,28,23,14
61,56,53,58,43,53,54,52,54,58
27,42,48,15,2,20,26,24,25,26
50,36,18,4,55,15,28,23,32,37
73,59,33,44,24,44,48,40,49,60
68,72,23,9,80,95,73,53,61,62
34,80,99,77,18,95,74,74,62,53
9,39,20,36,88,20,33,38,30,18
56,28,68,46,96,11,35,49,51,50
8,28,100,60,64,28,36,56,41,26
24,2,46,40,26,81,40,42,37,33
2,25,75,44,68,5,24,42,30,16
85,97,14,9,44,19,50,31,48,62
76,89,95,7,87,49,66,61,68,68
13,61,73,81,54,87,66,71,54,38
77,29,48,19,7,80,49,38,51,64
48,76,32,12,93,13,45,40,44,41
32,93,45,74,40,94,77,67,57,48
52,67,38,2,20,75,56,38,45,48
100,66,88,97,9,48,60,64,72,86
24,91,13,4,93,80,69,50,47,34
99,69,63,27,69,69,68,58,72,82
42,80,3,19,81,34,51,38,41,39
77,6,50,46,43,26,29,37,47,60
2,98,51,88,71,71,72,73,52,31
97,93,28,41,76,54,70,55,68,79
52,65,63,74,78,63,65,68,63,58
35,16,85,47,50,62,44,54,48,43
34,52,33,90,94,74,64,69,58,48
1,53,14,32,9,91,53,39,29,19
31,64,57,62,97,1,41,53,46,36
21,26,90,31,99,43,43,57,47,33
19,55,92,5,41,46,44,45,40,29
48,62,99,56,70,23,48,60,56,51
90,37,42,39,98,84,66,60,70,77
60,79,78,89,47,82,75,75,70,67
90,38,87,85,16,14,38,51,59,73
76,83,66,66,11,6,44,45,52,62
15,5,8,13,67,100,47,39,35,26
75,55,90,23,8,66,54,49,57,66
97,80,34,49,98,84,80,67,77,84
53,93,11,47,48,22,50,40,44,46
99,71,70,38,94,98,83,73,83,88
23,67,91,96,70,67,66,78,61,45
38,38,83,28,23,30,34,40,40,38
32,77,26,91,57,86,72,67,56,47
78,18,67,83,22,28,35,48,53,65
55,47,82,88,8,37,44,55,52,55
61,19,29,92,76,95,63,66,63,64
7,18,29,73,48,65,42,49,35,25
58,27,98,25,94,86,62,67,66,61
50,11,80,58,74,62,47,60,56,53
63,64,17,74,1,2,33,31,37,50
2,5,38,55,35,68,36,43,30,20
4,32,62,41,99,31,38,51,38,21
83,93,5,5,32,3,41,22,41,57
95,61,75,67,32,57,60,59,69,81
64,97,53,79,28,66,71,63,63,65
1,11,82,52,20,26,23,40,27,17
30,15,72,19,94,22,30,43,40,33
19,6,61,57,47,37,29,44,35,28
32,45,36,86,79,36,47,56,47,40
52,98,75,92,98,95,90,90,79,67
14,7,10,84,44,15,20,34,25,21
87,94,55,91,56,62,75,71,74,80
19,77,37,100,3,78,63,59,46,38
94,28,72,64,84,26,45,56,66,76
77,70,30,70,30,3,40,39,48,60
82,52,78,41,42,83,65,60,67,74
2,87,92,79,85,8,49,66,46,25
30,41,90,53,37,82,57,62,53,44
97,17,69,8,66,91,58,52,67,79
91,37,25,23,48,77,56,42,58,72
50,37,71,18,43,29,36,39,43,44
35,21,58,41,69,79,52,55,50,43
98,45,45,89,54,50,56,59,68,82
20,73,76,36,30,91,66,59,50,38
90,31,31,30,4,43,38,29,46,66
93,9,11,12,43,53,37,27,47,66
28,59,23,74,64,55,54,54,46,38
83,23,43,78,93,67,57,63,68,74
98,37,32,95,84,36,52,59,67,80
68,90,91,62,65,47,67,69,68,67
91,37,97,40,63,56,55,60,69,78
99,27,97,64,96,64,61,72,79,87
78,99,56,5,22,11,47,33,48,59
18,70,60,99,15,59,56,61,46,37
13,97,6,85,6,59,59,48,37,29
71,32,73,76,29,12,33,47,51,60
42,41,36,41,41,96,60,52,50,48
13,28,58,50,71,28,34,47,36,25
44,54,36,65,34,73,57,53,50,49
49,37,1,91,91,61,55,57,53,52
57,39,87,81,68,86,66,75,69,65
22,80,66,22,31,85,65,54,47,36
43,24,26,2,97,49,41,38,42,39
66,10,10,63,1,21,22,24,33,49
93,73,47,2,8,87,65,42,60,75
42,33,72,28,7,39,34,36,38,40
9,46,95,29,86,73,57,64,50,31
74,32,80,60,76,46,50,60,63,67
86,15,36,80,32,70,50,51,59,73
19,12,95,21,97,75,49,60,50,35
50,11,4,87,61,49,39,45,44,48
47,19,16,51,29,13,23,27,31,38
25,45,21,63,2,32,33,33,29,29
64,85,8,5,82,12,46,32,43,48
74,25,100,12,45,23,34,41,51,59
79,74,29,93,54,87,76,68,70,76
11,92,47,76,61,48,61,61,46,31
28,19,85,47,50,79,50,58,50,41
1,4,85,62,23,54,32,49,33,21
60,91,48,58,46,29,55,51,53,55
6,37,88,8,85,16,31,44,34,18
12,75,93,54,99,13,48,63,48,29
63,22,73,43,47,11,29,40,45,52
38,100,49,58,28,60,65,56,51,46
48,70,80,66,81,33,55,64,59,52
1,84,95,90,81,94,80,87,62,36
48,96,75,89,6,62,67,65,58,56
35,6,27,44,78,85,49,50,46,42
100,49,14,78,54,45,53,49,62,79
13,56,36,68,25,10,31,38,28,22
27,83,30,38,56,18,44,40,37,31
42,51,64,97,5,4,32,45,40,43
90,24,31,17,55,50,43,36,53,68
15,62,76,90,19,2,33,49,36,28
30,22,89,42,59,94,57,63,54,45
29,95,82,78,68,88,80,80,66,50
56,31,76,21,100,85,61,62,63,58
6,28,55,2,29,46,31,31,25,16
14,8,13,74,68,47,34,44,33,26
81,74,64,77,25,39,56,56,61,71
78,50,93,41,75,76,66,67,71,73
38,28,12,14,6,4,16,12,19,27
8,47,85,16,67,68,52,54,43,27
6,41,56,82,77,69,55,65,47,30
5,67,53,32,67,47,50,50,38,22
41,87,27,30,83,15,48,43,43,39
24,63,18,5,15,53,43,28,29,26
72,14,25,11,92,36,36,35,47,55
63,27,21,57,58,27,36,39,44,52
94,86,11,83,49,30,58,50,61,75
84,53,28,3,11,38,40,25,43,60
22,44,77,30,4,13,26,33,29,26
24,87,27,10,70,73,64,48,44,34
60,9,87,73,65,32,37,56,55,57
92,41,7,35,14,18,32,23,42,64
15,30,59,47,34,1,21,34,27,21
50,50,50,34,73,57,53,51,52,50
55,95,29,82,21,61,66,56,55,57
8,36,26,32,94,14,30,37,29,17
85,61,11,3,18,80,58,33,51,66
51,5,19,95,45,53,39,48,45,50
57,23,37,100,22,40,39,48,47,54
57,49,9,55,12,74,53,41,45,52
52,7,89,40,22,21,24,38,41,46
72,90,72,42,46,19,53,50,57,61
51,26,53,86,75,84,60,68,62,58
5,83,13,41,27,9,35,30,22,14
83,35,62,36,80,52,52,53,62,70
43,21,26,60,46,89,53,51,48,48
51,24,45,77,75,12,33,48,46,47
2,24,55,49,21,75,43,46,33,22
61,45,62,37,14,73,53,47,52,57
78,73,73,36,98,96,81,73,77,76
79,54,95,84,53,80,70,75,75,78
57,78,70,39,61,100,78,68,67,63
32,73,84,89,6,58,57,62,52,46
27,40,39,62,100,65,56,61,51,39
41,13,41,36,73,22,28,37,38,37
78,41,100,12,47,61,53,52,61,67
1,53,39,52,16,3,24,31,21,12
100,7,1,57,21,4,20,21,41,67
38,44,58,90,30,17,36,49,43,42
31,56,23,79,7,80,56,50,43,41
64,58,15,46,8,42,44,33,42,52
77,89,31,90,7,1,44,42,49,62
9,65,53,83,38,13,38,49,35,24
52,39,28,25,55,71,51,43,47,49
6,66,30,18,78,18,38,37,29,16
41,90,95,35,3,27,48,47,45,43
42,87,70,63,31,88,73,66,60,54
30,14,52,31,56,56,38,43,39,35
60,77,58,16,98,90,76,64,67,61
16,31,68,50,26,1,21,35,28,22
99,65,30,67,38,68,64,54,66,82
30,85,38,3,33,90,66,46,45,38
70,72,56,17,51,51,56,47,55,60
16,68,3,12,44,35,40,28,26,20
57,3,18,82,83,14,28,43,44,49
17,45,95,48,30,2,27,43,34,26
10,8,58,86,50,42,33,52,37,27
36,18,77,87,88,22,37,60,51,43
83,73,38,81,4,64,62,53,60,73
54,61,59,83,32,51,55,58,55,56
93,25,63,44,87,3,34,45,58,70
10,40,85,30,37,87,55,56,44,30
97,7,14,47,18,20,25,24,43,67
35,45,40,53,96,83,63,63,56,46
38,14,54,62,51,26,30,43,40,39
74,23,69,32,44,14,30,37,47,57
93,87,41,61,58,90,81,66,75,83
77,28,57,48,6,12,27,32,43,58
76,61,15,68,59,50,56,50,57,65
54,17,45,46,98,35,39,49,50,49
60,2,72,4,22,37,26,29,39,47
15,19,32,93,31,15,25,40,29,25
45,20,12,89,92,13,33,46,43,43
87,46,9,8,4,21,31,16,37,58
91,28,100,13,36,19,34,40,55,69
46,18,99,75,71,86,59,73,65,57
72,58,41,63,16,81,62,53,58,66
32,98,75,74,68,70,74,74,62,49
80,64,91,9,98,90,75,68,75,75
66,83,39,28,31,100,75,54,60,63
32,70,59,29,83,72,64,59,54,43
27,88,70,62,64,41,59,62,52,40
83,74,42,79,3,92,72,59,65,76
76,42,19,75,70,100,70,63,67,72
45,5,23,44,23,18,19,25,29,36
60,3,83,69,28,83,49,58,57,61
43,8,58,81,5,84,46,52,48,50
62,33,61,71,88,92,67,71,68,66
28,4,70,65,75,74,47,61,50,41
96,29,18,85,4,82,55,48,60,79
19,95,88,21,8,53,56,49,42,32
76,38,93,52,3,98,63,60,65,73
87,66,31,37,39,5,39,33,48,63
11,78,36,89,99,19,51,61,45,28
82,72,26,12,63,90,71,50,62,70
90,47,72,82,83,45,58,67,72,79
29,92,97,24,40,82,71,63,56,44
32,60,27,38,4,55,45,36,35,35
34,85,46,82,27,35,53,53,46,42
52,67,96,100,48,23,51,67,60,57
97,58,62,47,23,95,70,58,70,84
70,84,61,16,7,64,60,44,53,61
57,47,35,38,53,97,65,54,56,57
22,7,12,79,71,68,43,50,40,34
15,10,23,61,42,4,16,29,22,19
67,60,1,9,24,100,64,37,49,58
8,91,5,64,82,80,71,60,46,29
22,55,35,24,13,41,38,32,29,27
27,81,26,13,94,53,58,48,45,34
43,4,57,12,46,85,44,43,45,44
75,29,63,77,60,76,59,64,66,71
12,85,4,35,58,91,68,50,42,29
7,63,82,50,87,25,46,58,44,25
47,5,59,55,31,45,33,42,42,45
55,68,82,18,41,60,57,52,54,54
5,31,48,34,67,89,54,54,41,26
34,55,82,78,72,60,59,69,58,48
62,42,33,47,74,10,35,40,45,50
12,2,44,90,12,79,40,50,37,30
44,31,37,60,92,100,66,65,60,53
84,74,99,49,46,23,52,57,64,71
13,57,21,17,77,20,36,34,29,19
86,30,15,49,37,26,35,32,47,64
66,2,33,71,47,67,43,48,52,60
10,77,46,85,69,95,74,73,55,37
52,14,72,18,8,22,23,28,35,42
43,50,82,38,41,74,57,57,54,49
78,35,39,92,7,16,34,41,48,63
74,94,7,64,89,48,68,57,62,65
75,79,88,99,60,93,83,85,81,80
84,70,94,64,55,91,78,75,78,81
30,82,45,52,50,1,39,42,38,33
71,84,82,98,18,12,50,58,59,65
45,33,66,52,12,3,24,34,35,40
96,63,44,20,52,66,61,48,63,76
70,66,53,48,22,10,39,38,46,56
71,13,71,10,67,12,27,35,46,54
29,56,5,53,25,2,27,26,25,27
92,65,88,35,86,36,58,60,70,77
4,48,55,43,40,44,41,45,33,20
30,82,76,8,62,60,60,53,49,39
80,42,100,66,98,53,60,73,74,75
69,96,20,24,72,79,74,54,61,63
59,11,60,2,54,84,48,43,50,54
63,70,21,44,33,14,40,34,42,50
13,32,55,24,73,85,54,53,44,30
10,93,97,48,36,91,74,70,54,36
68,99,91,95,45,97,88,85,80,76
76,97,53,57,27,89,78,63,68,73
7,58,64,7,85,70,56,53,43,25
91,83,78,25,42,97,79,63,74,81
56,64,39,98,10,63,58,56,54,58
67,94,66,43,93,19,58,58,61,60
86,83,25,31,3,49,55,36,51,67
43,20,40,50,40,33,32,38,38,40
15,39,84,13,15,69,44,44,37,28
42,38,70,14,64,58,48,48,48,44
78,22,23,24,70,64,48,41,53,63
22,23,48,17,39,70,42,40,36,30
70,35,43,17,69,78,56,48,57,61
99,16,44,11,25,40,34,29,50,71
74,97,37,82,98,18,62,63,65,66
51,48,61,29,32,99,64,54,55,54
61,16,87,30,59,1,24,39,45,49
46,87,13,56,26,45,54,42,43,45
11,70,76,28,21,39,44,44,35,24
4,88,21,58,61,50,57,51,38,23
53,81,33,43,61,28,51,45,48,48
30,49,40,72,6,3,27,34,30,31
33,25,30,76,23,51,39,43,38,38
91,22,12,79,56,4,30,37,49,67
56,77,55,17,4,25,42,32,40,46
5,58,76,72,18,91,62,64,46,31
47,70,79,28,100,76,70,68,64,54
12,16,48,52,16,16,20,31,23,19
68,83,7,13,17,53,54,31,44,54
8,15,63,71,36,4,19,39,27,19
13,18,45,23,7,37,24,26,23,19
54,41,51,51,21,21,34,37,41,47
52,26,91,40,26,43,39,47,48,50
92,87,90,71,39,66,73,70,76,83
47,92,25,87,57,90,79,69,62,57
88,95,59,31,81,78,79,65,74,78
88,16,100,37,25,70,49,53,63,75
49,67,68,83,43,64,62,65,59,56
24,77,55,72,20,84,66,61,50,41
29,12,47,65,41,53,37,46,40,36
30,99,6,50,40,32,52,40,38,34
61,37,44,54,99,19,41,50,52,53
83,99,94,3,69,47,67,57,68,71
32,51,56,81,36,6,33,46,39,36
91,89,56,21,44,34,57,45,60,71
12,43,71,15,26,63,44,42,35,25
30,70,19,56,72,71,62,55,49,40
61,59,99,57,17,9,38,48,50,55
76,92,31,78,79,12,56,55,60,65
69,47,8,12,80,50,49,37,48,55
31,85,17,19,15,64,55,36,37,35
89,84,44,24,85,95,81,63,74,79
14,44,99,34,40,30,37,48,38,27
32,33,86,45,52,5,28,44,39,34
45,97,77,74,88,36,66,71,63,53
78,64,3,82,34,67,61,51,57,68
66,99,2,47,65,50,65,48,54,58
80,52,51,36,74,24,45,46,56,64
74,100,27,25,98,40,65,52,61,63
69,37,97,80,17,65,54,63,63,68
72,56,40,8,47,28,41,33,46,55
61,67,86,29,10,27,43,42,48,53
78,14,98,80,42,5,29,51,56,65
95,98,27,84,100,78,86,75,81,86
100,48,98,48,68,67,64,67,77,86
5,37,19,49,31,11,23,28,20,13
62,18,78,88,64,66,53,67,63,64
73,72,81,39,68,76,70,66,69,70
59,67,11,45,87,30,50,45,49,51
45,42,56,74,18,84,58,57,53,52
74,29,59,39,56,92,61,57,63,68
33,83,65,24,40,52,56,49,46,39
82,50,81,20,14,74,57,48,59,70
38,27,3,15,74,21,28,26,30,31
96,63,63,51,84,33,56,57,69,78
17,91,83,30,94,90,78,73,60,39
89,27,7,79,74,99,67,60,68,79
47,47,11,66,1,48,42,35,37,44
37,50,6,71,83,36,46,48,44,40
10,81,3,6,15,23,35,20,19,14
61,98,3,52,68,72,73,55,58,59
79,15,33,66,83,65,51,55,61,69
23,88,63,52,92,31,57,60,50,36
84,44,1,73,59,7,36,37,48,63
39,62,76,31,3,70,54,48,46,44
69,58,79,81,3,7,37,47,50,59
32,38,35,13,53,30,34,32,33,31
85,10,97,62,53,90,59,67,72,79
57,65,64,81,19,69,61,61,58,60
58,77,56,63,52,71,68,63,61,60
70,63,3,82,90,97,77,67,68,69
40,87,17,32,1,76,60,40,41,42
3,60,91,25,6,45,41,43,33,20
61,8,78,34,3,70,40,42,47,55
7,98,93,41,28,78,69,64,49,31
63,20,54,69,84,75,56,63,62,63
46,7,19,59,38,8,19,28,31,37
96,27,99,83,68,28,46,64,71,81
47,42,98,79,73,79,64,76,67,59
85,94,50,34,31,41,60,47,59,69
75,56,90,81,99,54,65,76,75,74
10,57,35,49,40,95,62,54,43,30
76,10,77,46,10,85,49,50,57,68
96,99,81,18,26,57,68,53,67,79
81,61,96,19,82,13,46,51,61,66
79,17,19,85,61,39,41,47,54,65
5,81,17,1,34,98,64,42,35,22
46,41,46,95,69,71,59,66,59,54
18,65,76,87,80,29,51,66,50,35
32,17,30,34,76,93,54,51,47,40
61,80,98,58,96,50,68,74,71,64
45,70,4,63,85,50,58,52,50,47
68,96,65,48,73,97,85,73,74,71
15,79,87,10,40,1,35,38,33,22
14,57,96,68,45,35,46,59,45,32
19,10,74,74,40,8,21,43,33,27
74,81,3,19,39,99,73,46,57,65
33,3,66,9,43,99,48,46,45,40
76,70,15,59,58,33,52,45,53,62
64,14,12,4,26,63,37,25,38,49
23,61,51,67,68,76,63,64,52,40
6,64,73,20,100,55,55,58,46,25
10,97,85,32,32,85,71,62,50,33
13,75,24,63,67,2,38,42,33,22
40,49,96,72,86,34,50,67,58,49
2,22,86,24,53,91,51,56,42,25
12,32,78,32,25,6,22,34,27,20
45,27,68,97,57,39,44,60,53,50
88,21,2,62,2,1,20,20,36,60
71,30,11,67,60,66,52,49,54,62
26,13,98,23,79,40,36,51,44,34
64,79,25,63,40,34,53,46,50,56
12,72,82,98,24,78,65,71,52,38
46,15,91,45,78,99,61,68,63,56
39,57,30,29,56,24,39,36,38,36
29,89,71,87,35,61,65,67,55,45
70,1,56,17,70,96,53,51,58,63
71,83,69,52,91,20,56,59,63,63
96,14,5,88,43,100,61,55,65,82
21,9,31,15,54,43,28,30,29,24
54,19,22,87,2,57,39,41,42,51
